{
  "reservoir-1": {
    "null": [
      2.572453,
      2.6482997,
      2.5706353,
      2.7642756,
      2.5888813,
      5.8419795,
      3.7863789,
      2.7791796,
      2.5994914,
      2.6201122,
      2.9004204,
      3.5232844,
      5.5370274,
      3.7474294,
      2.7607055,
      3.0676773,
      2.8408446,
      2.5078728,
      4.417508,
      6.2836747,
      10.949996,
      11.047544,
      3.9096353,
      2.132555,
      1.3763754,
      2.5685427
    ],
    "readout": [
      1.5524161,
      1.293054,
      1.3101648,
      1.5524341,
      1.4991798,
      1.2971513,
      1.4190154,
      0.72638315,
      1.6205533,
      1.4538635,
      1.7659528,
      1.6690208,
      0.7909088,
      1.1284033,
      1.2212101
    ],
    "baseline": [
      2.1016018,
      2.1016018,
      2.1016018,
      2.1016018,
      2.1016018,
      2.1016018,
      2.1016018,
      2.1016018,
      2.1016018,
      2.1016018,
      2.1016018,
      2.1016018,
      2.1016018,
      2.1016018,
      2.1016018,
      2.1016018,
      2.1016018,
      2.1016018,
      2.1016018,
      2.1016018,
      2.1016018,
      2.1016018,
      2.1016018,
      2.1016018,
      2.1016018,
      2.1016018,
      2.1016018,
      2.1016018,
      2.1016018,
      2.1016018,
      2.1016018,
      2.1016018,
      2.1016018,
      2.1016018,
      2.1016018,
      2.1016018,
      2.1016018,
      2.1016018,
      2.1016018,
      2.1016018,
      2.1016018
    ]
  }
}